{"cameraMode":{"drawMode":0,"name":"Shaded","section":"Shading Mode"},"sceneLighting":true,"audioPlay":false,"sceneViewState":{"showFog":true,"showMaterialUpdate":false,"showSkybox":true,"showFlares":true,"showImageEffects":true,"showParticleSystems":true},"in2DMode":false,"pivot":{"x":2.6074447631835939,"y":-6.2296600341796879,"z":-0.017838001251220704},"rotation":{"x":0.21723419427871705,"y":0.12436830997467041,"z":-0.027917804196476938,"w":0.9677663445472717},"size":3.98477840423584,"orthographic":false}